类别,precision,recall,f1-score,support,accuracy
covering,0.0,0.0,0.0,229.0,0.0
device,0.0,0.0,0.0,511.0,0.0
domestic_animal,0.0,0.0,0.0,266.0,0.0
mater,0.195,1.0,0.3263598326359833,585.0,1.0
person,0.0,0.0,0.0,793.0,0.0
plant,0.0,0.0,0.0,184.0,0.0
structure,0.0,0.0,0.0,137.0,0.0
vertebrate,0.0,0.0,0.0,295.0,0.0
macro avg,0.024375,0.125,0.04079497907949791,3000.0,0.125
weighted avg,0.038025,0.195,0.06364016736401674,3000.0,0.195
